{"cameraMode":{"drawMode":0,"name":"Shaded","section":"Shading Mode"},"sceneLighting":false,"audioPlay":false,"sceneViewState":{"showFog":true,"showMaterialUpdate":false,"showSkybox":false,"showFlares":true,"showImageEffects":true,"showParticleSystems":true},"in2DMode":false,"pivot":{"x":-0.18794994056224824,"y":0.2331697791814804,"z":1.1774957180023194},"rotation":{"x":-0.05337028577923775,"y":0.8803961873054504,"z":-0.1021403893828392,"w":-0.4600236713886261},"size":1.2441178560256959,"orthographic":true}