{"cameraMode":{"drawMode":0,"name":"Shaded","section":"Shading Mode"},"sceneLighting":false,"audioPlay":false,"sceneViewState":{"showFog":true,"showMaterialUpdate":false,"showSkybox":false,"showFlares":true,"showImageEffects":true,"showParticleSystems":true},"in2DMode":false,"pivot":{"x":0.7369968295097351,"y":0.07708080112934113,"z":-4.808111190795898},"rotation":{"x":0.02081453800201416,"y":0.6826769113540649,"z":0.01946260593831539,"w":-0.730170488357544},"size":0.662445068359375,"orthographic":true}