{"cameraMode":{"drawMode":0,"name":"Shaded","section":"Shading Mode"},"sceneLighting":false,"audioPlay":false,"sceneViewState":{"showFog":true,"showMaterialUpdate":false,"showSkybox":false,"showFlares":true,"showImageEffects":true,"showParticleSystems":true},"in2DMode":false,"pivot":{"x":-0.24632012844085694,"y":0.09616301953792572,"z":-3.124619483947754},"rotation":{"x":-0.39567646384239199,"y":0.4214610755443573,"z":-0.21159768104553224,"w":-0.7880666851997376},"size":0.524192214012146,"orthographic":false}