{"cameraMode":{"drawMode":0,"name":"Shaded","section":"Shading Mode"},"sceneLighting":true,"audioPlay":false,"sceneViewState":{"showFog":true,"showMaterialUpdate":false,"showSkybox":true,"showFlares":true,"showImageEffects":true,"showParticleSystems":true},"in2DMode":false,"pivot":{"x":2.1186723709106447,"y":1.6879388093948365,"z":6.975085735321045},"rotation":{"x":0.08917544782161713,"y":-0.8891709446907044,"z":0.4034953713417053,"w":0.19651222229003907},"size":0.6892396807670593,"orthographic":true}