{"cameraMode":{"drawMode":0,"name":"Shaded","section":"Shading Mode"},"sceneLighting":false,"audioPlay":false,"sceneViewState":{"showFog":true,"showMaterialUpdate":false,"showSkybox":false,"showFlares":true,"showImageEffects":true,"showParticleSystems":true},"in2DMode":false,"pivot":{"x":-15.98360824584961,"y":1.5,"z":0.04278874397277832},"rotation":{"x":-0.048149749636650088,"y":-0.8833629488945007,"z":0.09309379756450653,"w":-0.45686832070350649},"size":14.859942436218262,"orthographic":true}