{"cameraMode":{"drawMode":0,"name":"Shaded","section":"Shading Mode"},"sceneLighting":false,"audioPlay":false,"sceneViewState":{"showFog":true,"showMaterialUpdate":false,"showSkybox":false,"showFlares":true,"showImageEffects":true,"showParticleSystems":true},"in2DMode":false,"pivot":{"x":-15.98360824584961,"y":1.3599998950958253,"z":0.04278874397277832},"rotation":{"x":0.0013052582507953048,"y":-0.9987115263938904,"z":-0.03747006133198738,"w":-0.03477613627910614},"size":18.518190383911134,"orthographic":true}