{"cameraMode":{"drawMode":0,"name":"Shaded","section":"Shading Mode"},"sceneLighting":false,"audioPlay":false,"sceneViewState":{"showFog":true,"showMaterialUpdate":false,"showSkybox":false,"showFlares":true,"showImageEffects":true,"showParticleSystems":true},"in2DMode":false,"pivot":{"x":-0.4951171875,"y":0.0033096096012741329,"z":-4.721922874450684},"rotation":{"x":-0.20441201329231263,"y":0.5287254452705383,"z":-0.13292020559310914,"w":-0.8130246996879578},"size":1.1752396821975709,"orthographic":true}