{"cameraMode":{"drawMode":0,"name":"Shaded","section":"Shading Mode"},"sceneLighting":false,"audioPlay":false,"sceneViewState":{"showFog":true,"showMaterialUpdate":false,"showSkybox":false,"showFlares":true,"showImageEffects":true,"showParticleSystems":true},"in2DMode":false,"pivot":{"x":2.444999933242798,"y":0.13632455468177796,"z":-3.190000057220459},"rotation":{"x":-0.20441201329231263,"y":0.5287254452705383,"z":-0.13292020559310914,"w":-0.8130246996879578},"size":0.7440928220748901,"orthographic":true}